{"cameraMode":{"drawMode":2,"name":"Shaded Wireframe","section":"Shading Mode"},"sceneLighting":false,"audioPlay":false,"sceneViewState":{"showFog":true,"showMaterialUpdate":false,"showSkybox":true,"showFlares":true,"showImageEffects":true,"showParticleSystems":true},"in2DMode":false,"pivot":{"x":2.2023849487304689,"y":4.984538555145264,"z":3.385934829711914},"rotation":{"x":0.24705789983272553,"y":0.11306276172399521,"z":-0.029045335948467256,"w":0.9619515538215637},"size":8.143649101257325,"orthographic":true}